Feature set,Model,F1 mean,F1 SD,AUC mean,AUC SD,Train AUC,Rank by F1
Profile only,Dummy Baseline,0.0,0.0,0.5,0.0,0.5,5
Profile only,Logistic Regression,0.5779638270169503,0.006815675902444317,0.6571522100396248,0.003948307356300452,0.6602469971818256,1
Profile only,Decision Tree,0.5527831000670514,0.01889578750524343,0.6293904632039137,0.002785687242802825,0.6588948833348639,4
Profile only,Random Forest,0.572245422644784,0.00661407272314419,0.6548311453796807,0.005242305585317211,0.7236989589471964,3
Profile only,Gradient Boosting,0.5768562222335266,0.006407113391108223,0.6559343201616148,0.00513274730071333,0.7025585800704831,2
Engagement only,Dummy Baseline,0.0,0.0,0.5,0.0,0.5,5
Engagement only,Logistic Regression,0.6074462943160546,0.004181627156514201,0.670935304058476,0.00608978104068472,0.6710368116310805,1
Engagement only,Decision Tree,0.583804763390898,0.009427634037138024,0.6533881839789683,0.0068579161780027275,0.6932407987589894,4
Engagement only,Random Forest,0.5856817085349375,0.005954332694398055,0.6615511750803532,0.004672905299888795,0.7920355741595302,3
Engagement only,Gradient Boosting,0.5945330041159084,0.007903685844385203,0.6668068128571207,0.006429890409497556,0.7045318577885237,2
Profile + engagement,Dummy Baseline,0.0,0.0,0.5,0.0,0.5,5
Profile + engagement,Logistic Regression,0.6495217081762528,0.00717409213087026,0.7434034172087535,0.004822333930827614,0.745422855037132,1
Profile + engagement,Decision Tree,0.6152680019022511,0.010578336819005439,0.7153934960741098,0.005793940191719981,0.7508042582724317,4
Profile + engagement,Random Forest,0.6335889286576852,0.007217474941167191,0.7401944374103616,0.004547309703303395,0.8250248382124503,3
Profile + engagement,Gradient Boosting,0.6377501461550232,0.008177383011386442,0.7439552276581172,0.005320378694830784,0.7906992672638096,2
