Train fraction,Train rows,Model,F1,ROC-AUC
0.05,1101,Logistic Regression,0.6303641630620752,0.7203200044776065
0.05,1101,Gradient Boosting,0.5756966753106205,0.6779355025928272
0.05,1101,Random Forest,0.6019662881606691,0.7129259825545359
0.1,2203,Logistic Regression,0.638283605751897,0.7313521261790203
0.1,2203,Gradient Boosting,0.5887657198449445,0.6943248433049424
0.1,2203,Random Forest,0.6164703155980631,0.7215404285124601
0.25,5507,Logistic Regression,0.6475189670708253,0.7403221336578886
0.25,5507,Gradient Boosting,0.6244011311379265,0.7206000331275141
0.25,5507,Random Forest,0.6240513747628051,0.7311767740565845
0.5,11015,Logistic Regression,0.6494042306074682,0.7419167016368263
0.5,11015,Gradient Boosting,0.6366582761738285,0.7383417464474261
0.5,11015,Random Forest,0.6314926222536307,0.7373760397523039
1.0,22030,Logistic Regression,0.6495930117133214,0.7440418267618176
1.0,22030,Gradient Boosting,0.6425061425061425,0.7449202138930483
1.0,22030,Random Forest,0.6337792642140468,0.7404282807368319
